"Product Name","Product Description","Category","ProductCode","Media Standard URL 1","Price (sales) USD","Price (original) USD"
"Pill Vest","Women’s Pill Vest","Women/Jackets & Vests/Insulated","W0001","https://www.northerntrailoutfitters.com/dw/image/v2/BDPX_PRD/on/demandware.static/-/Sites-nto-apparel/default/dw28a7e69c/images/hi-res/2010517A0S-0.jpg?sw=800&sh=800","35.99","39.99"
"Pill Duster","Women’s Pill Duster","","W0002","https://www.northerntrailoutfitters.com/dw/image/v2/BDPX_PRD/on/demandware.static/-/Sites-nto-apparel/default/dwace0cd46/images/hi-res/2010510A02-0.jpg?sw=800&sh=800","35.99","39.99"
"Jumbo Logo Retro Newberry Vest","Women's Jumbo Logo Retro Newberry Vest","","W0003","https://www.northerntrailoutfitters.com/dw/image/v2/BDPX_PRD/on/demandware.static/-/Sites-nto-apparel/default/dw15e8153f/images/hi-res/2010691A02-0.jpg?sw=800&sh=800","35.99","39.99"
"Blaze New Winter Cagoule","Women's Blaze New Winter Cagoule","","W0004","https://www.northerntrailoutfitters.com/dw/image/v2/BDPX_PRD/on/demandware.static/-/Sites-nto-apparel/default/dw1f950024/images/hi-res/2010648AC8-0.jpg?sw=800&sh=800","35.99","39.99"
"Pill Eco Hoodie","Women's Pill Eco Hoodie","","W0005","https://www.northerntrailoutfitters.com/dw/image/v2/BDPX_PRD/on/demandware.static/-/Sites-nto-apparel/default/dw3592c674/images/hi-res/2010699AU3-0.jpg?sw=800&sh=800","35.99","39.99"
"Flight Jacket","Women’s Flight Jacket","","W0006","https://www.northerntrailoutfitters.com/dw/image/v2/BDPX_PRD/on/demandware.static/-/Sites-nto-apparel/default/dwcd825f73/images/hi-res/2010537AWE-0.jpg?sw=800&sh=800","35.99","39.99"
"Stretch Down Vest","Women's Stretch Down Vest","","W0007","https://www.northerntrailoutfitters.com/dw/image/v2/BDPX_PRD/on/demandware.static/-/Sites-nto-apparel/default/dw79fff61c/images/hi-res/2010629BHK-0.jpg?sw=800&sh=800","35.99","39.99"
"Morph Vest","Women's Morph Vest","","W0008","https://www.northerntrailoutfitters.com/dw/image/v2/BDPX_PRD/on/demandware.static/-/Sites-nto-apparel/default/dw589d8889/images/hi-res/2010456AC8-0.jpg?sw=800&sh=800","35.99","39.99"
"Retro Newberry Jacket","Women’s Retro Newberry Jacket","","W0009","https://www.northerntrailoutfitters.com/dw/image/v2/BDPX_PRD/on/demandware.static/-/Sites-nto-apparel/default/dwd8058868/images/hi-res/2010512AY7-0.jpg?sw=800&sh=800","35.99","39.99"
"Brooklyn Parka","Women's Brooklyn Parka","","W0010","https://www.northerntrailoutfitters.com/dw/image/v2/BDPX_PRD/on/demandware.static/-/Sites-nto-apparel/default/dwe1393a8b/images/hi-res/2010262BF0-0.jpg?sw=800&sh=800","35.99","39.99"
"Discovery 2 Jacket","Women's Discovery 2 Jacket","Women/Jackets & Vests/Casual","W0011","https://www.northerntrailoutfitters.com/dw/image/v2/BDPX_PRD/on/demandware.static/-/Sites-nto-apparel/default/dw06f2536a/images/hi-res/2010175AJ9-0.jpg?sw=800&sh=800","35.99","39.99"
"Zoomie Jacket","Women’s Zoomie Jacket","","W0012","https://www.northerntrailoutfitters.com/dw/image/v2/BDPX_PRD/on/demandware.static/-/Sites-nto-apparel/default/dwdda78841/images/hi-res/2010849AMX-0.jpg?sw=800&sh=800","35.99","39.99"
"Peak Risor Jacket","Women's Peak Risor Jacket","","W0013","https://www.northerntrailoutfitters.com/dw/image/v2/BDPX_PRD/on/demandware.static/-/Sites-nto-apparel/default/dw3240651d/images/hi-res/2010221AY7-0.jpg?sw=800&sh=800","35.99","39.99"
"Resolve 2 Jacket","Women's Resolve 2 Jacket","","W0014","https://www.northerntrailoutfitters.com/dw/image/v2/BDPX_PRD/on/demandware.static/-/Sites-nto-apparel/default/dw5d729042/images/hi-res/2010176AW4-0.jpg?sw=800&sh=800","35.99","39.99"
"North Dome Stretch Wind Jacket","Women’s North Dome Stretch Wind Jacket","Women/Jackets & Vests/Windbreaker","W0015","https://www.northerntrailoutfitters.com/dw/image/v2/BDPX_PRD/on/demandware.static/-/Sites-nto-apparel/default/dwfff6506a/images/hi-res/2010977AHV-0.jpg?sw=800&sh=800","35.99","39.99"
"Rainier L4 Windproof Soft Shell Hoodie","Women's Rainier L4 Windproof Soft Shell Hoodie","","W0016","https://www.northerntrailoutfitters.com/dw/image/v2/BDPX_PRD/on/demandware.static/-/Sites-nto-apparel/default/dwae5c07d8/images/hi-res/2010454AP0-0.jpg?sw=800&sh=800","35.99","39.99"
"Allproof Stretch Jacket","Women’s Allproof Stretch Jacket","","W0017","https://www.northerntrailoutfitters.com/dw/image/v2/BDPX_PRD/on/demandware.static/-/Sites-nto-apparel/default/dw38cf17ca/images/hi-res/2010927AQX-0.jpg?sw=800&sh=800","35.99","39.99"
"Short-sleeve Desercana Shirt","Women’s Short-sleeve Desercana Shirt","Women/Tops/Shirts","W0018","https://www.northerntrailoutfitters.com/dw/image/v2/BDPX_PRD/on/demandware.static/-/Sites-nto-apparel/default/dw26c714eb/images/hi-res/2020996BFV-0.jpg?sw=800&sh=800","35.99","39.99"
"Short-sleeve Boulder Peak Top","Women’s Short-sleeve Boulder Peak Top","","W0019","https://www.northerntrailoutfitters.com/dw/image/v2/BDPX_PRD/on/demandware.static/-/Sites-nto-apparel/default/dw2ae887d6/images/hi-res/2020988A5A-0.jpg?sw=800&sh=800","35.99","39.99"
"Boreaz Long-seeve Roll-up Shirt","Women’s Boreaz Long-seeve Roll-up Shirt","","W0020","https://www.northerntrailoutfitters.com/dw/image/v2/BDPX_PRD/on/demandware.static/-/Sites-nto-apparel/default/dwc1fb5722/images/hi-res/2020980AQX-0.jpg?sw=800&sh=800","35.99","39.99"
"Long-sleeve Desercana Top","Women’s Long-sleeve Desercana Top","","W0021","https://www.northerntrailoutfitters.com/dw/image/v2/BDPX_PRD/on/demandware.static/-/Sites-nto-apparel/default/dwa5ed2b0b/images/hi-res/2020995BFV-0.jpg?sw=800&sh=800","35.99","39.99"
"Rainier L1 Climb Pants","Women's Rainier L1 Climb Pants","Women/Bottoms/Casual & Hike","W0022","https://www.northerntrailoutfitters.com/dw/image/v2/BDPX_PRD/on/demandware.static/-/Sites-nto-apparel/default/dwad94d7d1/images/hi-res/2030488AIL-0.jpg?sw=800&sh=800","35.99","39.99"
"Arise And Align Mid Rise Pants","Women's Arise And Align Mid Rise Pants","","W0023","https://www.northerntrailoutfitters.com/dw/image/v2/BDPX_PRD/on/demandware.static/-/Sites-nto-apparel/default/dwed257963/images/hi-res/2030485BED-0.jpg?sw=800&sh=800","35.99","39.99"
"Motivation High-rise Crop","Women's Motivation High-rise Crop","","W0024","https://www.northerntrailoutfitters.com/dw/image/v2/BDPX_PRD/on/demandware.static/-/Sites-nto-apparel/default/dwf3ad9438/images/hi-res/2030465AID-0.jpg?sw=800&sh=800","35.99","39.99"
"Portland Full Zip Pants","Women’s Portland Full Zip Pants","","W0025","https://www.northerntrailoutfitters.com/dw/image/v2/BDPX_PRD/on/demandware.static/-/Sites-nto-apparel/default/dwcf3da365/images/hi-res/2030514AC8-0.jpg?sw=800&sh=800","35.99","39.99"
"Classic Shorts","Women’s Classic Shorts","Women/Bottoms/Shorts","W0026","https://www.northerntrailoutfitters.com/dw/image/v2/BDPX_PRD/on/demandware.static/-/Sites-nto-apparel/default/dw12a4d0a1/images/hi-res/2030999A0W-0.jpg?sw=800&sh=800","35.99","39.99"
"Classic Mini Shorts","Women’s Classic Mini Shorts","","W0027","https://www.northerntrailoutfitters.com/dw/image/v2/BDPX_PRD/on/demandware.static/-/Sites-nto-apparel/default/dwe7bdc563/images/hi-res/2031004BBX-0.jpg?sw=800&sh=800","35.99","39.99"
"Aphrodite 2.0 Shorts","Women's Aphrodite 2.0 Shorts","","W0028","https://www.northerntrailoutfitters.com/dw/image/v2/BDPX_PRD/on/demandware.static/-/Sites-nto-apparel/default/dw2781e717/images/hi-res/2030173AC8-0.jpg","35.99","39.99"
"Aphrodite 2.0 Shorts","Women's Aphrodite 2.0 Shorts","","W0029","https://www.northerntrailoutfitters.com/dw/image/v2/BDPX_PRD/on/demandware.static/-/Sites-nto-apparel/default/dwa41712ed/images/hi-res/2030173BFF-0.jpg","35.99","39.99"
"Ambition Shorts","Women’s Ambition Shorts","","W0030","https://www.northerntrailoutfitters.com/dw/image/v2/BDPX_PRD/on/demandware.static/-/Sites-nto-apparel/default/dw9f8265d1/images/hi-res/2030902AC8-0.jpg?sw=800&sh=800","35.99","39.99"
"Classic Mini Shorts","Women’s Classic Mini Shorts","","W0031","https://www.northerntrailoutfitters.com/dw/image/v2/BDPX_PRD/on/demandware.static/-/Sites-nto-apparel/default/dw3504439c/images/hi-res/2031004BI9-0.jpg?sw=800&sh=800","35.99","39.99"
"Classic Hike Short 2.0","Women’s Classic Hike Short 2.0","","W0032","https://www.northerntrailoutfitters.com/dw/image/v2/BDPX_PRD/on/demandware.static/-/Sites-nto-apparel/default/dwfd2a7da7/images/hi-res/2031005BED-0.jpg?sw=800&sh=800","35.99","39.99"
"Flight NTO Basics Shorts","Women’s Flight NTO Basics Shorts","","W0033","https://www.northerntrailoutfitters.com/dw/image/v2/BDPX_PRD/on/demandware.static/-/Sites-nto-apparel/default/dw4f0bb00b/images/hi-res/2030898AGI-0.jpg?sw=800&sh=800","35.99","39.99"
"Classic Mini Shorts","Women’s Classic Mini Shorts","","W0034","https://www.northerntrailoutfitters.com/dw/image/v2/BDPX_PRD/on/demandware.static/-/Sites-nto-apparel/default/dw3b4045f8/images/hi-res/2031004BAP-0.jpg?sw=800&sh=800","35.99","39.99"
"Ridgeside Pull-on Shorts","Women’s Ridgeside Pull-on Shorts","","W0035","https://www.northerntrailoutfitters.com/dw/image/v2/BDPX_PRD/on/demandware.static/-/Sites-nto-apparel/default/dwb0acd210/images/hi-res/2031046BAF-0.jpg?sw=800&sh=800","35.99","39.99"
"Aphrodite 2.0 Shorts","Women's Aphrodite 2.0 Shorts","","W0036","https://www.northerntrailoutfitters.com/dw/image/v2/BDPX_PRD/on/demandware.static/-/Sites-nto-apparel/default/dw680cab42/images/hi-res/2030173AO3-0.jpg","35.99","39.99"
"Ridgeside Printed Shorts","Women’s Ridgeside Printed Shorts","","W0037","https://www.northerntrailoutfitters.com/dw/image/v2/BDPX_PRD/on/demandware.static/-/Sites-nto-apparel/default/dw23e0ffc3/images/hi-res/2030991A9S-0.jpg?sw=800&sh=800","35.99","39.99"
"Glacier Alpine Jacket","Men’s Glacier Alpine Jacket","Men/Jackets & Vests","M0001","https://www.northerntrailoutfitters.com/dw/image/v2/BDPX_PRD/on/demandware.static/-/Sites-nto-apparel/default/dw9c0a1b91/images/hi-res/1020550AC8-0.jpg?sw=800&sh=800","35.99","39.99"
"Peak Canyonwall Vest","Men’s Peak Canyonwall Vest","","M0002","https://www.northerntrailoutfitters.com/dw/image/v2/BDPX_PRD/on/demandware.static/-/Sites-nto-apparel/default/dw78baecfe/images/hi-res/1010971ANN-0.jpg?sw=800&sh=800","35.99","39.99"
"NTO Coaches Jacket","Men's NTO Coaches Jacket","","M0003","https://www.northerntrailoutfitters.com/dw/image/v2/BDPX_PRD/on/demandware.static/-/Sites-nto-apparel/default/dw64e122da/images/hi-res/1010185BFB-0.jpg?sw=800&sh=800","35.99","39.99"
"NTO Coaches Jacket","Men's NTO Coaches Jacket","","M0004","https://www.northerntrailoutfitters.com/dw/image/v2/BDPX_PRD/on/demandware.static/-/Sites-nto-apparel/default/dw64e122da/images/hi-res/1010185BFB-0.jpg?sw=800&sh=800","35.99","39.99"
"Peak Nimble Jacket","Men's Peak Nimble Jacket","","M0005","https://www.northerntrailoutfitters.com/dw/image/v2/BDPX_PRD/on/demandware.static/-/Sites-nto-apparel/default/dwe638c388/images/hi-res/1010307BE3-0.jpg?sw=800&sh=800","35.99","39.99"
"Flight NTO Basics Jacket","Men's Flight NTO Basics Jacket","","M0006","https://www.northerntrailoutfitters.com/dw/image/v2/BDPX_PRD/on/demandware.static/-/Sites-nto-apparel/default/dw2237779a/images/hi-res/1010417APY-0.jpg?sw=800&sh=800","35.99","39.99"
"Mountain Jacket NTO-tech","Men's Mountain Jacket NTO-tech","","M0007","https://www.northerntrailoutfitters.com/dw/image/v2/BDPX_PRD/on/demandware.static/-/Sites-nto-apparel/default/dw50743698/images/hi-res/1010439ACB-0.jpg?sw=800&sh=800","35.99","39.99"
"Cyclone 2 Hoodie","Men's Cyclone 2 Hoodie","","M0008","https://www.northerntrailoutfitters.com/dw/image/v2/BDPX_PRD/on/demandware.static/-/Sites-nto-apparel/default/dwc76c1633/images/hi-res/1010493AJS-0.jpg?sw=800&sh=800","35.99","39.99"
"Peak Flex NTO-tech Jacket","Men’s Peak Flex NTO-tech Jacket","","M0009","https://www.northerntrailoutfitters.com/dw/image/v2/BDPX_PRD/on/demandware.static/-/Sites-nto-apparel/default/dw7cf01271/images/hi-res/1010751A4R-0.jpg?sw=800&sh=800","35.99","39.99"
"Allproof Stretch Jacket","Men’s Allproof Stretch Jacket","","M0010","https://www.northerntrailoutfitters.com/dw/image/v2/BDPX_PRD/on/demandware.static/-/Sites-nto-apparel/default/dw735667a2/images/hi-res/1010964BED-0.jpg?sw=800&sh=800","35.99","39.99"
"Peak Canyonwall Jacket","Men’s Peak Canyonwall Jacket","","M0011","https://www.northerntrailoutfitters.com/dw/image/v2/BDPX_PRD/on/demandware.static/-/Sites-nto-apparel/default/dwd8563f42/images/hi-res/1010970AQ4-0.jpg?sw=800&sh=800","35.99","39.99"
"North Dome Stretch Wind Jacket","Men’s North Dome Stretch Wind Jacket","","M0012","https://www.northerntrailoutfitters.com/dw/image/v2/BDPX_PRD/on/demandware.static/-/Sites-nto-apparel/default/dw55bf6413/images/hi-res/1010974A8O-0.jpg?sw=800&sh=800","35.99","39.99"
"Pill Jacket","Men’s Pill Jacket","","M0013","https://www.northerntrailoutfitters.com/dw/image/v2/BDPX_PRD/on/demandware.static/-/Sites-nto-apparel/default/dw40aa9fb9/images/hi-res/1010515AK5-0.jpg?sw=800&sh=800","35.99","39.99"
"Peak Canyonwall Jacket","Men’s Peak Canyonwall Jacket","Men/Jackets & Vests/Casual","M0014","https://www.northerntrailoutfitters.com/dw/image/v2/BDPX_PRD/on/demandware.static/-/Sites-nto-apparel/default/dwab6dc581/images/hi-res/1010970A4R-0.jpg?sw=800&sh=800","35.99","39.99"
"Regulate Light Fleece Hybrid Jacket","Men's Regulate Light Fleece Hybrid Jacket","","M0015","https://www.northerntrailoutfitters.com/dw/image/v2/BDPX_PRD/on/demandware.static/-/Sites-nto-apparel/default/dwb97f2c5b/images/hi-res/1011109BE0-0.jpg?sw=800&sh=800","35.99","39.99"
"Flight Trinity Jacket","Men’s Flight Trinity Jacket","","M0016","https://www.northerntrailoutfitters.com/dw/image/v2/BDPX_PRD/on/demandware.static/-/Sites-nto-apparel/default/dwe0ed628c/images/hi-res/1011066AIR-0.jpg?sw=800&sh=800","35.99","39.99"
"Short-sleeve Monanock Shirt","Men's Short-sleeve Monanock Shirt","Men/Tops/Shirts","M0017","https://www.northerntrailoutfitters.com/dw/image/v2/BDPX_PRD/on/demandware.static/-/Sites-nto-apparel/default/dwb1743255/images/hi-res/1020408AK2-0.jpg?sw=800&sh=800","35.99","39.99"
"Short-sleeve Monanock Shirt","Men's Short-sleeve Monanock Shirt","","M0018","https://www.northerntrailoutfitters.com/dw/image/v2/BDPX_PRD/on/demandware.static/-/Sites-nto-apparel/default/dw332f07f4/images/hi-res/1020408BHE-0.jpg?sw=800&sh=800","35.99","39.99"
"Short-sleeve Monanock Shirt","Men's Short-sleeve Monanock Shirt","","M0019","https://www.northerntrailoutfitters.com/dw/image/v2/BDPX_PRD/on/demandware.static/-/Sites-nto-apparel/default/dw95c55892/images/hi-res/1020408BBY-0.jpg?sw=800&sh=800","35.99","39.99"
"Short-sleeve Hammets Shirt","Men's Short-sleeve Hammets Shirt","","M0020","https://www.northerntrailoutfitters.com/dw/image/v2/BDPX_PRD/on/demandware.static/-/Sites-nto-apparel/default/dw5bb76c90/images/hi-res/1020409AUT-0.jpg?sw=800&sh=800","35.99","39.99"
"Short-sleeve Hammets Shirt","Men's Short-sleeve Hammets Shirt","","M0021","https://www.northerntrailoutfitters.com/dw/image/v2/BDPX_PRD/on/demandware.static/-/Sites-nto-apparel/default/dw156d8948/images/hi-res/1020409BBZ-0.jpg?sw=800&sh=800","35.99","39.99"
"L/s First Rush Heavyweight Tee","Men’s L/s First Rush Heavyweight Tee","Men/Tops/T Shirts","M0022","https://www.northerntrailoutfitters.com/dw/image/v2/BDPX_PRD/on/demandware.static/-/Sites-nto-apparel/default/dw4444c329/images/hi-res/1020769BKI-0.jpg?sw=800&sh=800","35.99","39.99"
"Short-sleeve Half Dome Tri-blend Tee","Men’s Short-sleeve Half Dome Tri-blend Tee","","M0023","https://www.northerntrailoutfitters.com/dw/image/v2/BDPX_PRD/on/demandware.static/-/Sites-nto-apparel/default/dwc9ef6aad/images/hi-res/1020120ANQ-0.jpg?sw=800&sh=800","35.99","39.99"
"Short-sleeve Half Dome Tee - New Fit","Men's Short-sleeve Half Dome Tee - New Fit","","M0024","https://www.northerntrailoutfitters.com/dw/image/v2/BDPX_PRD/on/demandware.static/-/Sites-nto-apparel/default/dweee618ee/images/hi-res/1020066APP-0.jpg?sw=800&sh=800","35.99","39.99"
"Short-sleeve Half Dome Tee - New Fit","Men's Short-sleeve Half Dome Tee - New Fit","","M0025","https://www.northerntrailoutfitters.com/dw/image/v2/BDPX_PRD/on/demandware.static/-/Sites-nto-apparel/default/dw323142a2/images/hi-res/1020066ACL-0.jpg?sw=800&sh=800","35.99","39.99"
"Short-sleeve Red Box Tee - New Fit","Men’s Short-sleeve Red Box Tee - New Fit","","M0026","https://www.northerntrailoutfitters.com/dw/image/v2/BDPX_PRD/on/demandware.static/-/Sites-nto-apparel/default/dwa91055e4/images/hi-res/1020070A66-1.jpg?sw=800&sh=800","35.99","39.99"
"Flight NTO Basics Long Haul Shorts","Men's Flight NTO Basics Long Haul Shorts","Men/Bottoms/Shorts","M0027","https://www.northerntrailoutfitters.com/dw/image/v2/BDPX_PRD/on/demandware.static/-/Sites-nto-apparel/default/dwa2a1f74a/images/hi-res/1030427AC8-0.jpg?sw=800&sh=800","35.99","39.99"
"Classic Belted Trunks","Men’s Classic Belted Trunks","","M0028","https://www.northerntrailoutfitters.com/dw/image/v2/BDPX_PRD/on/demandware.static/-/Sites-nto-apparel/default/dwacab1a0a/images/hi-res/1031056ALS-0.jpg?sw=800&sh=800","35.99","39.99"
"Motion Shorts","Men’s Motion Shorts","","M0029","https://www.northerntrailoutfitters.com/dw/image/v2/BDPX_PRD/on/demandware.static/-/Sites-nto-apparel/default/dwce7c4514/images/hi-res/1031061AMX-0.jpg?sw=800&sh=800","35.99","39.99"
"Ambition Dual Shorts","Men's Ambition Dual Shorts","","M0030","https://www.northerntrailoutfitters.com/dw/image/v2/BDPX_PRD/on/demandware.static/-/Sites-nto-apparel/default/dw4cb086e8/images/hi-res/1030419AC8-0.jpg?sw=800&sh=800","35.99","39.99"
"Hawthorne Board Shorts","Men’s Hawthorne Board Shorts","","M0031","https://www.northerntrailoutfitters.com/dw/image/v2/BDPX_PRD/on/demandware.static/-/Sites-nto-apparel/default/dw936f9d86/images/hi-res/1031058ARG-0.jpg?sw=800&sh=800","35.99","39.99"
"Classic Belted Trunks","Men’s Classic Belted Trunks","","M0032","https://www.northerntrailoutfitters.com/dw/image/v2/BDPX_PRD/on/demandware.static/-/Sites-nto-apparel/default/dw9fae3d13/images/hi-res/1031056AZ1-0.jpg?sw=800&sh=800","35.99","39.99"
"Rolling Sun Packable Shorts","Men’s Rolling Sun Packable Shorts","","M0033","https://www.northerntrailoutfitters.com/dw/image/v2/BDPX_PRD/on/demandware.static/-/Sites-nto-apparel/default/dw201eebe8/images/hi-res/1031059A8O-0.jpg?sw=800&sh=800","35.99","39.99"
"Classic Pull-on Trunks","Men’s Classic Pull-on Trunks","","M0034","https://www.northerntrailoutfitters.com/dw/image/v2/BDPX_PRD/on/demandware.static/-/Sites-nto-apparel/default/dw509c1dbb/images/hi-res/1031055BBF-0.jpg?sw=800&sh=800","35.99","39.99"
"Kilowatt Shorts","Men’s Kilowatt Shorts","","M0035","https://www.northerntrailoutfitters.com/dw/image/v2/BDPX_PRD/on/demandware.static/-/Sites-nto-apparel/default/dwb01a94f3/images/hi-res/1030506AA3-0.jpg?sw=800&sh=800","35.99","39.99"
"Classic Pull-on Trunks","Men’s Classic Pull-on Trunks","","M0036","https://www.northerntrailoutfitters.com/dw/image/v2/BDPX_PRD/on/demandware.static/-/Sites-nto-apparel/default/dw0d83a224/images/hi-res/1031055AA3-0.jpg?sw=800&sh=800","35.99","39.99"
"Hawthorne Cargo Shorts","Men’s Hawthorne Cargo Shorts","","M0037","https://www.northerntrailoutfitters.com/dw/image/v2/BDPX_PRD/on/demandware.static/-/Sites-nto-apparel/default/dw20c82263/images/hi-res/1031053AQX-0.jpg?sw=800&sh=800","35.99","39.99"
"Flight NTO Basics Shorts","Men’s Flight NTO Basics Shorts","","M0038","https://www.northerntrailoutfitters.com/dw/image/v2/BDPX_PRD/on/demandware.static/-/Sites-nto-apparel/default/dw9e1a4e9a/images/hi-res/1031064AC8-0.jpg?sw=800&sh=800","35.99","39.99"
"Pill Full Zip Jacket","Boys' Pill Full Zip Jacket","Kids/Big Kids/Jackets","B0001","https://www.northerntrailoutfitters.com/dw/image/v2/BDPX_PRD/on/demandware.static/-/Sites-nto-apparel/default/dw20bfcb16/images/hi-res/3010211BDY-0.jpg?sw=800&sh=800","35.99","39.99"
"Warm Storm Jacket","Boys' Warm Storm Jacket","","B0002","https://www.northerntrailoutfitters.com/dw/image/v2/BDPX_PRD/on/demandware.static/-/Sites-nto-apparel/default/dwb9bc5677/images/hi-res/3010293AFZ-0.jpg?sw=800&sh=800","35.99","39.99"
"Stormy Rain 3-in-1","Boys' Stormy Rain 3-in-1","","B0003","https://www.northerntrailoutfitters.com/dw/image/v2/BDPX_PRD/on/demandware.static/-/Sites-nto-apparel/default/dwfbc8102a/images/hi-res/3010310AMO-0.jpg?sw=800&sh=800","35.99","39.99"
"Stormy Rain 3-in-1","Boys' Stormy Rain 3-in-1","","B0004","https://www.northerntrailoutfitters.com/dw/image/v2/BDPX_PRD/on/demandware.static/-/Sites-nto-apparel/default/dwec1746d1/images/hi-res/3010310BDU-0.jpg?sw=800&sh=800","35.99","39.99"
"Pill Full Zip","Girls’ Pill Full Zip","","G0001","https://www.northerntrailoutfitters.com/dw/image/v2/BDPX_PRD/on/demandware.static/-/Sites-nto-apparel/default/dw901ad1f6/images/hi-res/3010500AQX-0.jpg?sw=800&sh=800","35.99","39.99"
"Windy Crest Jacket","Girls’ Windy Crest Jacket","","G0002","https://www.northerntrailoutfitters.com/dw/image/v2/BDPX_PRD/on/demandware.static/-/Sites-nto-apparel/default/dwdf6006af/images/hi-res/3010726BI3-0.jpg?sw=800&sh=800","35.99","39.99"
"Reversible Mossbud Swirl Jacket","Girls’ Reversible Mossbud Swirl Jacket","","G0003","https://www.northerntrailoutfitters.com/dw/image/v2/BDPX_PRD/on/demandware.static/-/Sites-nto-apparel/default/dw69ca9759/images/hi-res/3011171AZP-0.jpg?sw=800&sh=800","35.99","39.99"
"Warm Storm Jacket","Girls' Warm Storm Jacket","","G0004","https://www.northerntrailoutfitters.com/dw/image/v2/BDPX_PRD/on/demandware.static/-/Sites-nto-apparel/default/dwe8ef6ed8/images/hi-res/3010295AHV-0.jpg?sw=800&sh=800","35.99","39.99"
"Pill Full Zip","Girls’ Pill Full Zip","","G0005","https://www.northerntrailoutfitters.com/dw/image/v2/BDPX_PRD/on/demandware.static/-/Sites-nto-apparel/default/dwd25fb8f9/images/hi-res/3010500A0S-0.jpg?sw=800&sh=800","35.99","39.99"
"Recon Squash Backpack","Youth Recon Squash Backpack","Kids/Big Kids/Backpacks","Y0001","https://www.northerntrailoutfitters.com/dw/image/v2/BDPX_PRD/on/demandware.static/-/Sites-nto-gear/default/dw8253d529/images/hi-res/4060509AM9-0.jpg?sw=800&sh=800","35.99","39.99"
"Recon Squash Backpack","Youth Recon Squash Backpack","","Y0002","https://www.northerntrailoutfitters.com/dw/image/v2/BDPX_PRD/on/demandware.static/-/Sites-nto-gear/default/dw5459a194/images/hi-res/4060509AD7-0.jpg?sw=800&sh=800","35.99","39.99"
"Terra 55 Backpack","Youth Terra 55 Backpack","","Y0003","https://www.northerntrailoutfitters.com/dw/image/v2/BDPX_PRD/on/demandware.static/-/Sites-nto-gear/default/dwea5a23c7/images/hi-res/4100822BKP-0.jpg?sw=800&sh=800","35.99","39.99"
"Recon Squash Backpack","Youth Recon Squash Backpack","","Y0004","https://www.northerntrailoutfitters.com/dw/image/v2/BDPX_PRD/on/demandware.static/-/Sites-nto-gear/default/dw8a82fbf6/images/hi-res/4060509AAZ-0.jpg?sw=800&sh=800","35.99","39.99"
"Sprout Backpack","Youth Sprout Backpack","","Y0005","https://www.northerntrailoutfitters.com/dw/image/v2/BDPX_PRD/on/demandware.static/-/Sites-nto-gear/default/dwf5642028/images/hi-res/4060067AD7-0.jpg?sw=800&sh=800","35.99","39.99"
"Recon Squash Backpack","Youth Recon Squash Backpack","","Y0006","https://www.northerntrailoutfitters.com/dw/image/v2/BDPX_PRD/on/demandware.static/-/Sites-nto-gear/default/dw3466cd0e/images/hi-res/4060509AMS-0.jpg?sw=800&sh=800","35.99","39.99"
"Sprout Backpack","Youth Sprout Backpack","","Y0007","https://www.northerntrailoutfitters.com/dw/image/v2/BDPX_PRD/on/demandware.static/-/Sites-nto-gear/default/dwad52428d/images/hi-res/4060067AAZ-0.jpg?sw=800&sh=800","35.99","39.99"
"Terra 55 Backpack","Youth Terra 55 Backpack","","Y0008","https://www.northerntrailoutfitters.com/dw/image/v2/BDPX_PRD/on/demandware.static/-/Sites-nto-gear/default/dw775e88a4/images/hi-res/4100822ATM-0.jpg?sw=800&sh=800","35.99","39.99"
"Sprout Backpack","Youth Sprout Backpack","","Y0009","https://www.northerntrailoutfitters.com/dw/image/v2/BDPX_PRD/on/demandware.static/-/Sites-nto-gear/default/dw6de8fc78/images/hi-res/4060067AUM-0.jpg?sw=800&sh=800","35.99","39.99"
"Glacier Full-zip Hoodie","Toddler Glacier Full-zip Hoodie","Kids/Toddlers/Jackets","T0001","https://www.northerntrailoutfitters.com/dw/image/v2/BDPX_PRD/on/demandware.static/-/Sites-nto-apparel/default/dw4461595b/images/hi-res/3011156BJS-0.jpg?sw=800&sh=800","35.99","39.99"
"Glacier Full-zip Hoodie","Toddler Glacier Full-zip Hoodie","","T0002","https://www.northerntrailoutfitters.com/dw/image/v2/BDPX_PRD/on/demandware.static/-/Sites-nto-apparel/default/dwb367dd99/images/hi-res/3011156AC8-0.jpg?sw=800&sh=800","35.99","39.99"
"Pill Hoodie","Toddler Pill Hoodie","","T0003","https://www.northerntrailoutfitters.com/dw/image/v2/BDPX_PRD/on/demandware.static/-/Sites-nto-apparel/default/dwc0ab214e/images/hi-res/3010499A8O-0.jpg?sw=800&sh=800","35.99","39.99"
"Glacier Full-zip Hoodie","Toddler Glacier Full-zip Hoodie","","T0004","https://www.northerntrailoutfitters.com/dw/image/v2/BDPX_PRD/on/demandware.static/-/Sites-nto-apparel/default/dw80570369/images/hi-res/3011156AY7-0.jpg?sw=800&sh=800","35.99","39.99"
"Warm Storm Jacket","Toddler Warm Storm Jacket","","T0005","https://www.northerntrailoutfitters.com/dw/image/v2/BDPX_PRD/on/demandware.static/-/Sites-nto-apparel/default/dw91ef0397/images/hi-res/3010738A41-0.jpg?sw=800&sh=800","35.99","39.99"
"Glacier Full-zip Hoodie","Toddler Glacier Full-zip Hoodie","","T0006","https://www.northerntrailoutfitters.com/dw/image/v2/BDPX_PRD/on/demandware.static/-/Sites-nto-apparel/default/dwd0c27adc/images/hi-res/3011156AHG-0.jpg?sw=800&sh=800","35.99","39.99"
"Stormy Rain 3-in-1","Toddler Stormy Rain 3-in-1","","T0007","https://www.northerntrailoutfitters.com/dw/image/v2/BDPX_PRD/on/demandware.static/-/Sites-nto-apparel/default/dwcfe1ec92/images/hi-res/3010729A0S-0.jpg?sw=800&sh=800","35.99","39.99"
"Pill Hoodie","Toddler Pill Hoodie","","T0008","https://www.northerntrailoutfitters.com/dw/image/v2/BDPX_PRD/on/demandware.static/-/Sites-nto-apparel/default/dw7bd5d7ad/images/hi-res/3010499A0S-0.jpg?sw=800&sh=800","35.99","39.99"
"Stormy Rain 3-in-1","Toddler Stormy Rain 3-in-1","","T0009","https://www.northerntrailoutfitters.com/dw/image/v2/BDPX_PRD/on/demandware.static/-/Sites-nto-apparel/default/dw423ac5bd/images/hi-res/3010729A41-0.jpg?sw=800&sh=800","35.99","39.99"
"Stormy Rain 3-in-1","Toddler Stormy Rain 3-in-1","","T0010","https://www.northerntrailoutfitters.com/dw/image/v2/BDPX_PRD/on/demandware.static/-/Sites-nto-apparel/default/dw22e86524/images/hi-res/3010729AEF-0.jpg?sw=800&sh=800","35.99","39.99"
"Glacier Hoodie","Infant Glacier Hoodie","Kids/Babies/Outerwear","IN0001","https://www.northerntrailoutfitters.com/dw/image/v2/BDPX_PRD/on/demandware.static/-/Sites-nto-apparel/default/dw7d17eddb/images/hi-res/3010749AHG-0.jpg?sw=800&sh=800","35.99","39.99"
"Glacier Hoodie","Infant Glacier Hoodie","","IN0002","https://www.northerntrailoutfitters.com/dw/image/v2/BDPX_PRD/on/demandware.static/-/Sites-nto-apparel/default/dw3d945b1a/images/hi-res/3010749AY7-0.jpg?sw=800&sh=800","35.99","39.99"
"Campfire One-piece","Infant Campfire One-piece","","IN0003","https://www.northerntrailoutfitters.com/dw/image/v2/BDPX_PRD/on/demandware.static/-/Sites-nto-apparel/default/dw8ce8b4cf/images/hi-res/3010497A2T-0.jpg?sw=800&sh=800","35.99","39.99"
"Stormy Rain 3-in-1","Infant Stormy Rain 3-in-1","","IN0004","https://www.northerntrailoutfitters.com/dw/image/v2/BDPX_PRD/on/demandware.static/-/Sites-nto-apparel/default/dwfbcbb269/images/hi-res/3010314ASR-0.jpg?sw=800&sh=800","35.99","39.99"
"Stormy Rain 3-in-1","Infant Stormy Rain 3-in-1","","IN0005","https://www.northerntrailoutfitters.com/dw/image/v2/BDPX_PRD/on/demandware.static/-/Sites-nto-apparel/default/dw8d95ac5a/images/hi-res/3010314A0S-0.jpg?sw=800&sh=800","35.99","39.99"
"Reversible Mount Chimborazo Hoodie","Infant Reversible Mount Chimborazo Hoodie","","IN0006","https://www.northerntrailoutfitters.com/dw/image/v2/BDPX_PRD/on/demandware.static/-/Sites-nto-apparel/default/dw73e15f2d/images/hi-res/3010216BJS-0.jpg?sw=800&sh=800","35.99","39.99"
"North Peak Insulated Jacket","Infant North Peak Insulated Jacket","","IN0007","https://www.northerntrailoutfitters.com/dw/image/v2/BDPX_PRD/on/demandware.static/-/Sites-nto-apparel/default/dwac835837/images/hi-res/3011154AHG-0.jpg?sw=800&sh=800","35.99","39.99"
"Glacier Hoodie","Infant Glacier Hoodie","","IN0008","https://www.northerntrailoutfitters.com/dw/image/v2/BDPX_PRD/on/demandware.static/-/Sites-nto-apparel/default/dwab7b9194/images/hi-res/3010749A5Z-0.jpg?sw=800&sh=800","35.99","39.99"
"North Peak Insulated Jacket","Infant North Peak Insulated Jacket","","IN0009","https://www.northerntrailoutfitters.com/dw/image/v2/BDPX_PRD/on/demandware.static/-/Sites-nto-apparel/default/dw47a6e2c1/images/hi-res/3011154A1S-0.jpg?sw=800&sh=800","35.99","39.99"
"North Peak Insulated Jacket","Infant North Peak Insulated Jacket","","IN0010","https://www.northerntrailoutfitters.com/dw/image/v2/BDPX_PRD/on/demandware.static/-/Sites-nto-apparel/default/dw284efb65/images/hi-res/3011154AC8-0.jpg?sw=800&sh=800","35.99","39.99"
"Dayology Mid-rise 7/8 Tight","Women’s Dayology Mid-rise 7/8 Tight","Women/Bottoms/Running & Training","W0038","https://www.northerntrailoutfitters.com/dw/image/v2/BDPX_PRD/on/demandware.static/-/Sites-nto-apparel/default/dw7e5c2a11/images/hi-res/2030922AHO-0.jpg?sw=800&sh=800","35.99","39.99"
"Ambition Mid-rise Tights","Women’s Ambition Mid-rise Tights","","W0039","https://www.northerntrailoutfitters.com/dw/image/v2/BDPX_PRD/on/demandware.static/-/Sites-nto-apparel/default/dweed9c860/images/hi-res/2030905AOG-0.jpg?sw=800&sh=800","35.99","39.99"
"Power Form High-rise Tights","Women’s Power Form High-rise Tights","","W0040","https://www.northerntrailoutfitters.com/dw/image/v2/BDPX_PRD/on/demandware.static/-/Sites-nto-apparel/default/dw30bf816b/images/hi-res/2031097AGN-0.jpg?sw=800&sh=800","35.99","39.99"
"Utility Hybrid Hiker Tights","Women’s Utility Hybrid Hiker Tights","","W0041","https://www.northerntrailoutfitters.com/dw/image/v2/BDPX_PRD/on/demandware.static/-/Sites-nto-apparel/default/dw2de10546/images/hi-res/2030546A17-1.jpg?sw=800&sh=800","35.99","39.99"
"Motivation High-rise Pocket Tights","Women's Motivation High-rise Pocket Tights","","W0042","https://www.northerntrailoutfitters.com/dw/image/v2/BDPX_PRD/on/demandware.static/-/Sites-nto-apparel/default/dw62634cb2/images/hi-res/2030490AQX-0.jpg?sw=800&sh=800","35.99","39.99"
"NTO High-rise Natural Tights","Women’s NTO High-rise Natural Tights","","W0043","https://www.northerntrailoutfitters.com/dw/image/v2/BDPX_PRD/on/demandware.static/-/Sites-nto-apparel/default/dwb6f09423/images/hi-res/2030567AID-0.jpg?sw=800&sh=800","35.99","39.99"
"Flight NTO Basics 7/8 High-rise Tight","Women’s Flight NTO Basics 7/8 High-rise Tight","","W0044","https://www.northerntrailoutfitters.com/dw/image/v2/BDPX_PRD/on/demandware.static/-/Sites-nto-apparel/default/dw95ddb53a/images/hi-res/2030908AC8-0.jpg?sw=800&sh=800","35.99","39.99"
"Perfect Core High-rise Tights","Women's Perfect Core High-rise Tights","","W0045","https://www.northerntrailoutfitters.com/dw/image/v2/BDPX_PRD/on/demandware.static/-/Sites-nto-apparel/default/dwe393f55a/images/hi-res/2030482AA3-0.jpg?sw=800&sh=800","35.99","39.99"
"Dayology Mid-rise 7/8 Tight","Women’s Dayology Mid-rise 7/8 Tight","","W0046","https://www.northerntrailoutfitters.com/dw/image/v2/BDPX_PRD/on/demandware.static/-/Sites-nto-apparel/default/dw45347ccc/images/hi-res/2030922AQX-0.jpg?sw=800&sh=800","35.99","39.99"
"Motivation High-rise Tights","Women's Motivation High-rise Tights","","W0047","https://www.northerntrailoutfitters.com/dw/image/v2/BDPX_PRD/on/demandware.static/-/Sites-nto-apparel/default/dw617903b8/images/hi-res/2030317AC8-0.jpg?sw=800&sh=800","35.99","39.99"
"Light Tights","Women’s Light Tights","","W0048","https://www.northerntrailoutfitters.com/dw/image/v2/BDPX_PRD/on/demandware.static/-/Sites-nto-apparel/default/dw2de25ee6/images/hi-res/2030047ADK-0.jpg?sw=800&sh=800","35.99","39.99"
"Rainier L5 Ultralight Storm Jacket","Women's Rainier L5 Ultralight Storm Jacket","Women/Jackets & Vests/Rainwear","W0049","https://www.northerntrailoutfitters.com/dw/image/v2/BDPX_PRD/on/demandware.static/-/Sites-nto-apparel/default/dwdd3dc48c/images/hi-res/2010455AVG-1.jpg?sw=800&sh=800","35.99","39.99"
"’92 Retro Rush Rain Jacket","Women’s ’92 Retro Rush Rain Jacket","","W0050","https://www.northerntrailoutfitters.com/dw/image/v2/BDPX_PRD/on/demandware.static/-/Sites-nto-apparel/default/dw94036f89/images/hi-res/2010710ACT-1.jpg?sw=800&sh=800","35.99","39.99"
"Ambition Rain Jacket","Women’s Ambition Rain Jacket","","W0051","https://www.northerntrailoutfitters.com/dw/image/v2/BDPX_PRD/on/demandware.static/-/Sites-nto-apparel/default/dwc878a336/images/hi-res/2010904A4N-0.jpg?sw=800&sh=800","35.99","39.99"
"Blaze New Winter Cagoule","Women's Blaze New Winter Cagoule","","W0052","https://www.northerntrailoutfitters.com/dw/image/v2/BDPX_PRD/on/demandware.static/-/Sites-nto-apparel/default/dw0310803b/images/hi-res/2010648AC8-1.jpg?sw=800&sh=800","35.99","39.99"
"Shellista Mid Boots","Women’s Shellista Mid Boots","Women/Footwear/Boots","W0053","https://www.northerntrailoutfitters.com/dw/image/v2/BDPX_PRD/on/demandware.static/-/Sites-nto-apparel/default/dw4103d687/images/hi-res/2050078BAY-0.jpg?sw=800&sh=800","35.99","39.99"
"Shellista Mid Boots","Women’s Shellista Mid Boots","","W0054","https://www.northerntrailoutfitters.com/dw/image/v2/BDPX_PRD/on/demandware.static/-/Sites-nto-apparel/default/dw51c097a4/images/hi-res/2050078AM8-0.jpg?sw=800&sh=800","35.99","39.99"
"Vals Wp Hiking Boot","Women’s Vals Wp Hiking Boot","","W0055","https://www.northerntrailoutfitters.com/dw/image/v2/BDPX_PRD/on/demandware.static/-/Sites-nto-apparel/default/dw41ab4d9f/images/hi-res/2050937AZT-0.jpg?sw=800&sh=800","35.99","39.99"
"Base Camp Rain Boot","Women’s Base Camp Rain Boot","","W0056","https://www.northerntrailoutfitters.com/dw/image/v2/BDPX_PRD/on/demandware.static/-/Sites-nto-apparel/default/dwff47d38c/images/hi-res/2050686A66-0.jpg?sw=800&sh=800","35.99","39.99"
"Ballard Rain Boots","Women's Ballard Rain Boots","","W0057","https://www.northerntrailoutfitters.com/dw/image/v2/BDPX_PRD/on/demandware.static/-/Sites-nto-apparel/default/dwfb8d1134/images/hi-res/2050228AJV-0.jpg?sw=800&sh=800","35.99","39.99"
"Ballard Lace Boots","Women's Ballard Lace Boots","","W0058","https://www.northerntrailoutfitters.com/dw/image/v2/BDPX_PRD/on/demandware.static/-/Sites-nto-apparel/default/dwab96b65c/images/hi-res/2050111AMB-0.jpg?sw=800&sh=800","35.99","39.99"
"Verto S4k NTO-tech Boots","Women's Verto S4k NTO-tech Boots","","W0059","https://www.northerntrailoutfitters.com/dw/image/v2/BDPX_PRD/on/demandware.static/-/Sites-nto-apparel/default/dw3aaff725/images/hi-res/2050014AET-0.jpg?sw=800&sh=800","35.99","39.99"
"Ballard Lace Boots","Women's Ballard Lace Boots","","W0060","https://www.northerntrailoutfitters.com/dw/image/v2/BDPX_PRD/on/demandware.static/-/Sites-nto-apparel/default/dwc4bf7629/images/hi-res/2050111AM7-0.jpg?sw=800&sh=800","35.99","39.99"
"Shellista Pull-on Winter Boots","Women's Shellista Pull-on Winter Boots","","W0061","https://www.northerntrailoutfitters.com/dw/image/v2/BDPX_PRD/on/demandware.static/-/Sites-nto-apparel/default/dwc8a1c917/images/hi-res/2050236ADK-0.jpg?sw=800&sh=800","35.99","39.99"
"Vals Wp Hiking Boot","Women’s Vals Wp Hiking Boot","","W0062","https://www.northerntrailoutfitters.com/dw/image/v2/BDPX_PRD/on/demandware.static/-/Sites-nto-apparel/default/dwd79870f8/images/hi-res/2050937BEQ-0.jpg?sw=800&sh=800","35.99","39.99"
"Renew Boot","Women’s Renew Boot","","W0063","https://www.northerntrailoutfitters.com/dw/image/v2/BDPX_PRD/on/demandware.static/-/Sites-nto-apparel/default/dwd2c460aa/images/hi-res/2050075AIX-0.jpg?sw=800&sh=800","35.99","39.99"
"Ballard Rain Boots","Women's Ballard Rain Boots","","W0064","https://www.northerntrailoutfitters.com/dw/image/v2/BDPX_PRD/on/demandware.static/-/Sites-nto-apparel/default/dw6dc30ea8/images/hi-res/2050228ADW-0.jpg?sw=800&sh=800","35.99","39.99"
"Hedgehog Hike NTO-tech","Women's Hedgehog Hike NTO-tech","Women/Footwear/Casual","W0065","https://www.northerntrailoutfitters.com/dw/image/v2/BDPX_PRD/on/demandware.static/-/Sites-nto-apparel/default/dw35f3c0ed/images/hi-res/2050451A6A-0.jpg?sw=800&sh=800","35.99","39.99"
"Endurus Tr","Women's Endurus Tr","","W0066","https://www.northerntrailoutfitters.com/dw/image/v2/BDPX_PRD/on/demandware.static/-/Sites-nto-apparel/default/dw9fb7c6ff/images/hi-res/2050188AVW-0.jpg?sw=800&sh=800","35.99","39.99"
"Climber Low","Women's Climber Low","","W0067","https://www.northerntrailoutfitters.com/dw/image/v2/BDPX_PRD/on/demandware.static/-/Sites-nto-apparel/default/dw56ef8236/images/hi-res/2050631AI0-0.jpg?sw=800&sh=800","35.99","39.99"
"Endurus Tr","Women's Endurus Tr","","W0068","https://www.northerntrailoutfitters.com/dw/image/v2/BDPX_PRD/on/demandware.static/-/Sites-nto-apparel/default/dw9fb7c6ff/images/hi-res/2050188AVW-0.jpg?sw=800&sh=800","35.99","39.99"
"Hedgehog Agile NTO-tech","Women's Hedgehog Agile NTO-tech","","W0069","https://www.northerntrailoutfitters.com/dw/image/v2/BDPX_PRD/on/demandware.static/-/Sites-nto-apparel/default/dw6632e32a/images/hi-res/2050055AZT-0.jpg?sw=800&sh=800","35.99","39.99"
"Radical Agile Mid NTO-tech","Women's Radical Agile Mid NTO-tech","","W0070","https://www.northerntrailoutfitters.com/dw/image/v2/BDPX_PRD/on/demandware.static/-/Sites-nto-apparel/default/dw5a1acfd1/images/hi-res/2050453AN5-0.jpg?sw=800&sh=800","35.99","39.99"
"Radical Agile NTO-tech","Women's Radical Agile NTO-tech","","W0071","https://www.northerntrailoutfitters.com/dw/image/v2/BDPX_PRD/on/demandware.static/-/Sites-nto-apparel/default/dwe4060bf6/images/hi-res/2050452A36-0.jpg?sw=800&sh=800","35.99","39.99"
"Hedgehog Agile Mid NTO-tech","Women's Hedgehog Agile Mid NTO-tech","","W0072","https://www.northerntrailoutfitters.com/dw/image/v2/BDPX_PRD/on/demandware.static/-/Sites-nto-apparel/default/dwf3f1ad37/images/hi-res/2050126AN4-0.jpg?sw=800&sh=800","35.99","39.99"
"Radical 360 NTO-tech","Women's Radical 360 NTO-tech","","W0073","https://www.northerntrailoutfitters.com/dw/image/v2/BDPX_PRD/on/demandware.static/-/Sites-nto-apparel/default/dw1fcf97a6/images/hi-res/2050494A6B-0.jpg?sw=800&sh=800","35.99","39.99"
"Radical Agile Mid NTO-tech (woven)","Women's Radical Agile Mid NTO-tech (woven)","","W0074","https://www.northerntrailoutfitters.com/dw/image/v2/BDPX_PRD/on/demandware.static/-/Sites-nto-apparel/default/dwb3502719/images/hi-res/2050553AFB-0.jpg?sw=800&sh=800","35.99","39.99"
"Climber Low","Women's Climber Low","","W0075","https://www.northerntrailoutfitters.com/dw/image/v2/BDPX_PRD/on/demandware.static/-/Sites-nto-apparel/default/dwef1fdbe2/images/hi-res/2050631BE3-0.jpg?sw=800&sh=800","35.99","39.99"
"Radical Agile NTO-tech","Women's Radical Agile NTO-tech","","W0076","https://www.northerntrailoutfitters.com/dw/image/v2/BDPX_PRD/on/demandware.static/-/Sites-nto-apparel/default/dwa9ff6d88/images/hi-res/2050452BJ5-0.jpg?sw=800&sh=800","35.99","39.99"
"Base Camp Slide","Women's Base Camp Slide","Women/Footwear/Sandals","W0077","https://www.northerntrailoutfitters.com/dw/image/v2/BDPX_PRD/on/demandware.static/-/Sites-nto-apparel/default/dwd337242b/images/hi-res/2050471A04-0.jpg?sw=800&sh=800","35.99","39.99"
"Base Camp Slide","Women's Base Camp Slide","","W0078","https://www.northerntrailoutfitters.com/dw/image/v2/BDPX_PRD/on/demandware.static/-/Sites-nto-apparel/default/dwa6a14304/images/hi-res/2050471AFB-0.jpg?sw=800&sh=800","35.99","39.99"
"Base Camp Slide","Women's Base Camp Slide","","W0079","https://www.northerntrailoutfitters.com/dw/image/v2/BDPX_PRD/on/demandware.static/-/Sites-nto-apparel/default/dw14be548b/images/hi-res/2050471BHS-0.jpg?sw=800&sh=800","35.99","39.99"
"Base Camp Mini","Women's Base Camp Mini","","W0080","https://www.northerntrailoutfitters.com/dw/image/v2/BDPX_PRD/on/demandware.static/-/Sites-nto-apparel/default/dwdb0d6b4d/images/hi-res/2050010AKB-0.jpg?sw=800&sh=800","35.99","39.99"
"Base Camp Mini","Women's Base Camp Mini","","W0081","https://www.northerntrailoutfitters.com/dw/image/v2/BDPX_PRD/on/demandware.static/-/Sites-nto-apparel/default/dwa920fdf4/images/hi-res/2050010BEW-0.jpg?sw=800&sh=800","35.99","39.99"
"Base Camp Mini","Women's Base Camp Mini","","W0082","https://www.northerntrailoutfitters.com/dw/image/v2/BDPX_PRD/on/demandware.static/-/Sites-nto-apparel/default/dw04532bda/images/hi-res/2050010A6H-0.jpg?sw=800&sh=800","35.99","39.99"
"Base Camp Slide","Women's Base Camp Slide","","W0083","https://www.northerntrailoutfitters.com/dw/image/v2/BDPX_PRD/on/demandware.static/-/Sites-nto-apparel/default/dw77ac067a/images/hi-res/2050471AKD-0.jpg?sw=800&sh=800","35.99","39.99"
"Base Camp Mini","Women's Base Camp Mini","","W0084","https://www.northerntrailoutfitters.com/dw/image/v2/BDPX_PRD/on/demandware.static/-/Sites-nto-apparel/default/dw69bcc1eb/images/hi-res/2050010AJG-0.jpg?sw=800&sh=800","35.99","39.99"
"Base Camp Mini","Women's Base Camp Mini","","W0085","https://www.northerntrailoutfitters.com/dw/image/v2/BDPX_PRD/on/demandware.static/-/Sites-nto-apparel/default/dw294431ff/images/hi-res/2050010AEU-0.jpg?sw=800&sh=800","35.99","39.99"
"Base Camp Slide","Women's Base Camp Slide","","W0086","https://www.northerntrailoutfitters.com/dw/image/v2/BDPX_PRD/on/demandware.static/-/Sites-nto-apparel/default/dwbe831c1d/images/hi-res/2050471ADI-0.jpg?sw=800&sh=800","35.99","39.99"
"Flight Trinity Running Shoes","Women’s Flight Trinity Running Shoes","Women/Footwear/Training","W0087","https://www.northerntrailoutfitters.com/dw/image/v2/BDPX_PRD/on/demandware.static/-/Sites-nto-apparel/default/dw9912dc28/images/hi-res/2050934AAV-0.jpg?sw=800&sh=800","35.99","39.99"
"Endurus Tr","Women's Endurus Tr","","W0088","https://www.northerntrailoutfitters.com/dw/image/v2/BDPX_PRD/on/demandware.static/-/Sites-nto-apparel/default/dw9c179421/images/hi-res/2050188ADH-0.jpg?sw=800&sh=800","35.99","39.99"
"Litewave Flow Lace Sneakers","Women’s Litewave Flow Lace Sneakers","","W0089","https://www.northerntrailoutfitters.com/dw/image/v2/BDPX_PRD/on/demandware.static/-/Sites-nto-apparel/default/dw755859f4/images/hi-res/2050944AFB-0.jpg?sw=800&sh=800","35.99","39.99"
"Rovereto Running Shoes","Women’s Rovereto Running Shoes","","W0090","https://www.northerntrailoutfitters.com/dw/image/v2/BDPX_PRD/on/demandware.static/-/Sites-nto-apparel/default/dw8f3e972c/images/hi-res/2050857AAS-0.jpg?sw=800&sh=800","35.99","39.99"
"Rovereto Running Shoes","Women’s Rovereto Running Shoes","","W0091","https://www.northerntrailoutfitters.com/dw/image/v2/BDPX_PRD/on/demandware.static/-/Sites-nto-apparel/default/dwc4239d86/images/hi-res/2050857ATT-0.jpg?sw=800&sh=800","35.99","39.99"
"Rovereto Running Shoes","Women’s Rovereto Running Shoes","","W0092","https://www.northerntrailoutfitters.com/dw/image/v2/BDPX_PRD/on/demandware.static/-/Sites-nto-apparel/default/dw9c5dc41f/images/hi-res/2050857AUK-0.jpg?sw=800&sh=800","35.99","39.99"
"Corvara Running Shoes","Women’s Corvara Running Shoes","","W0093","https://www.northerntrailoutfitters.com/dw/image/v2/BDPX_PRD/on/demandware.static/-/Sites-nto-apparel/default/dwb25b6fa9/images/hi-res/2050859AZ0-0.jpg?sw=800&sh=800","35.99","39.99"
"Milan Sneakers","Women’s Milan Sneakers","","W0094","https://www.northerntrailoutfitters.com/dw/image/v2/BDPX_PRD/on/demandware.static/-/Sites-nto-apparel/default/dwb2312fc0/images/hi-res/2050945BHP-0.jpg?sw=800&sh=800","35.99","39.99"
"Flight Trinity Running Shoes","Women’s Flight Trinity Running Shoes","","W0095","https://www.northerntrailoutfitters.com/dw/image/v2/BDPX_PRD/on/demandware.static/-/Sites-nto-apparel/default/dwa0d2b9ab/images/hi-res/2050934AOC-0.jpg?sw=800&sh=800","35.99","39.99"
"Mountain Sneaker","Women's Mountain Sneaker","","W0096","https://www.northerntrailoutfitters.com/dw/image/v2/BDPX_PRD/on/demandware.static/-/Sites-nto-apparel/default/dwede224d5/images/hi-res/2050238BHD-0.jpg?sw=800&sh=800","35.99","39.99"
"Ampezzo Running Shoes","Women’s Ampezzo Running Shoes","","W0097","https://www.northerntrailoutfitters.com/dw/image/v2/BDPX_PRD/on/demandware.static/-/Sites-nto-apparel/default/dwd4469471/images/hi-res/2050858AFB-0.jpg?sw=800&sh=800","35.99","39.99"
"Ampezzo Running Shoes","Women’s Ampezzo Running Shoes","","W0098","https://www.northerntrailoutfitters.com/dw/image/v2/BDPX_PRD/on/demandware.static/-/Sites-nto-apparel/default/dw3d645385/images/hi-res/2050858AXF-0.jpg?sw=800&sh=800","35.99","39.99"
"Salsa Timberjack 24"" Plus Kids' Bike","Salsa Timberjack 24"" Plus Kids' Bike","Kids/Cycling/Bikes","K0001","https://www.northerntrailoutfitters.com/dw/image/v2/BDPX_PRD/on/demandware.static/-/Sites-nto-gear/default/dwb28f4cdf/images/hi-res/5112697AHG-0.jpg?sw=800&sh=800","35.99","39.99"
"Early Rider Limited Trail Runner 14+ Kids' Balance Bike","Early Rider Limited Trail Runner 14+ Kids' Balance Bike","","K0002","https://www.northerntrailoutfitters.com/dw/image/v2/BDPX_PRD/on/demandware.static/-/Sites-nto-gear/default/dwedf02567/images/hi-res/5113146AJN-0.jpg?sw=800&sh=800","35.99","39.99"
"Cannondale Trail 16 Single-Speed Bike - Girls'","Cannondale Trail 16 Single-Speed Bike - Girls'","","K0003","https://www.northerntrailoutfitters.com/dw/image/v2/BDPX_PRD/on/demandware.static/-/Sites-nto-gear/default/dw0d24bf40/images/hi-res/5112911BD0-1.jpg?sw=800&sh=800","35.99","39.99"
"Yuba Flip Flop Balance Kids' Bike","Yuba Flip Flop Balance Kids' Bike","","K0004","https://www.northerntrailoutfitters.com/dw/image/v2/BDPX_PRD/on/demandware.static/-/Sites-nto-gear/default/dwc2c6e786/images/hi-res/5112734ARY-0.jpg?sw=800&sh=800","35.99","39.99"
"Salsa Timberjack 20"" Plus Kids' Bike","Salsa Timberjack 20"" Plus Kids' Bike","","K0005","https://www.northerntrailoutfitters.com/dw/image/v2/BDPX_PRD/on/demandware.static/-/Sites-nto-gear/default/dw36968ef9/images/hi-res/5112696A3Q-0.jpg?sw=800&sh=800","35.99","39.99"
"Cannondale Trail 16 Single-Speed Bike - Kids'","Cannondale Trail 16 Single-Speed Bike - Kids'","","K0006","https://www.northerntrailoutfitters.com/dw/image/v2/BDPX_PRD/on/demandware.static/-/Sites-nto-gear/default/dw5b159a34/images/hi-res/5112910AAC-1.jpg?sw=800&sh=800","35.99","39.99"
"Cannondale Cujo 20 Plus Kids' Bike","Cannondale Cujo 20 Plus Kids' Bike","","K0007","https://www.northerntrailoutfitters.com/dw/image/v2/BDPX_PRD/on/demandware.static/-/Sites-nto-gear/default/dwb8095410/images/hi-res/5112698BAC-0.jpg?sw=800&sh=800","35.99","39.99"
"Cannondale Trail Balance 12 Kids' Bike","Cannondale Trail Balance 12 Kids' Bike","","K0008","https://www.northerntrailoutfitters.com/dw/image/v2/BDPX_PRD/on/demandware.static/-/Sites-nto-gear/default/dw758bc4c6/images/hi-res/5112701AAA-0.jpg?sw=800&sh=800","35.99","39.99"
"Electra Cruiser 1 24"" Bike","Electra Cruiser 1 24"" Boys' Bike","","K0009","https://www.northerntrailoutfitters.com/dw/image/v2/BDPX_PRD/on/demandware.static/-/Sites-nto-gear/default/dw559d5104/images/hi-res/5113092AXL-0.jpg?sw=800&sh=800","35.99","39.99"
"Cannondale Cujo 24 LTD Plus Kids' Bike","Cannondale Cujo 24 LTD Plus Kids' Bike","","K0010","https://www.northerntrailoutfitters.com/dw/image/v2/BDPX_PRD/on/demandware.static/-/Sites-nto-gear/default/dw27767bc1/images/hi-res/5113126AAC-1.jpg?sw=800&sh=800","35.99","39.99"
"Cannondale Trail 24 Bike - Kids'","Cannondale Trail 24 Bike - Kids'","","K0011","https://www.northerntrailoutfitters.com/dw/image/v2/BDPX_PRD/on/demandware.static/-/Sites-nto-gear/default/dw2ccf2734/images/hi-res/5113025ARM-1.jpg?sw=800&sh=800","35.99","39.99"
"Cannondale Quick 20 Kids' Bike","Cannondale Quick 20 Kids' Bike","","K0012","https://www.northerntrailoutfitters.com/dw/image/v2/BDPX_PRD/on/demandware.static/-/Sites-nto-gear/default/dwff3b256a/images/hi-res/5113026AAP-1.jpg?sw=800&sh=800","35.99","39.99"
